timestamp,vibration_rms,bearing_temp,motor_current,load_pct,run_state,post_repair_grade,hours_to_failure
2026-07-08 00:00:00,2.148,48.58,31.85,72.6,1,A,179.3
2026-07-08 01:00:00,2.098,48.08,30.9,70.2,1,A,178.3
2026-07-08 02:00:00,2.203,48.92,32.39,76.0,1,A,177.3
2026-07-08 03:00:00,2.384,48.86,32.06,77.8,1,A,176.3
2026-07-08 04:00:00,2.239,49.21,32.72,79.7,1,A,175.3
2026-07-08 05:00:00,2.258,49.36,32.62,79.4,1,A,174.3
2026-07-08 06:00:00,2.282,49.0,32.79,79.1,1,A,173.3
2026-07-08 07:00:00,2.361,49.92,32.74,80.6,1,A,172.3
2026-07-08 08:00:00,2.23,48.94,32.87,77.9,1,A,171.3
2026-07-08 09:00:00,2.222,48.18,32.6,77.4,1,A,170.3
2026-07-08 10:00:00,2.333,48.27,32.44,77.5,1,A,169.3
2026-07-08 11:00:00,2.269,48.78,31.86,74.3,1,A,168.3
2026-07-08 12:00:00,2.246,48.41,31.86,73.4,1,A,167.3
2026-07-08 13:00:00,2.139,47.53,30.21,67.0,1,A,166.3
2026-07-08 14:00:00,2.289,47.36,30.93,67.4,1,A,165.3
2026-07-08 15:00:00,2.089,47.52,29.97,63.0,1,A,164.3
2026-07-08 16:00:00,2.221,47.55,30.18,66.5,1,A,163.3
2026-07-08 17:00:00,2.137,47.04,29.82,66.0,1,A,162.3
2026-07-08 18:00:00,2.146,47.44,29.87,62.2,1,A,161.3
2026-07-08 19:00:00,2.134,47.79,29.69,63.4,1,A,160.3
2026-07-08 20:00:00,2.099,47.5,30.12,66.0,1,A,159.3
2026-07-08 21:00:00,2.166,47.28,29.92,64.0,1,A,158.3
2026-07-08 22:00:00,2.223,48.25,30.77,69.0,1,A,157.3
2026-07-08 23:00:00,2.183,47.08,30.26,69.1,1,A,156.3
2026-07-09 00:00:00,2.112,48.15,30.52,69.4,1,A,155.3
2026-07-09 01:00:00,2.344,48.09,31.89,73.3,1,A,154.3
2026-07-09 02:00:00,2.233,47.86,31.61,74.1,1,A,153.3
2026-07-09 03:00:00,2.174,48.96,32.78,79.3,1,A,152.3
2026-07-09 04:00:00,2.177,48.66,32.18,77.7,1,A,151.3
2026-07-09 05:00:00,2.324,49.62,32.74,80.2,1,A,150.3
2026-07-09 06:00:00,2.31,48.75,32.98,78.0,1,A,149.3
2026-07-09 07:00:00,2.365,49.64,32.58,81.4,1,A,148.3
2026-07-09 08:00:00,2.218,48.42,31.83,77.6,1,A,147.3
2026-07-09 09:00:00,2.289,47.98,32.2,78.9,1,A,146.3
2026-07-09 10:00:00,2.347,49.53,33.36,76.6,1,A,145.3
2026-07-09 11:00:00,2.18,47.33,31.99,74.9,1,A,144.3
2026-07-09 12:00:00,2.171,47.72,31.01,70.4,1,A,143.3
2026-07-09 13:00:00,2.237,48.09,30.96,72.1,1,A,142.3
2026-07-09 14:00:00,2.097,47.55,30.74,64.7,1,A,141.3
2026-07-09 15:00:00,2.238,47.48,29.91,66.6,1,A,140.3
2026-07-09 16:00:00,2.06,48.52,29.44,63.1,1,A,139.3
2026-07-09 17:00:00,2.079,48.14,30.42,65.9,1,A,138.3
2026-07-09 18:00:00,2.121,47.17,30.04,63.7,1,A,137.3
2026-07-09 19:00:00,2.022,46.83,29.87,63.4,1,A,136.3
2026-07-09 20:00:00,2.192,47.8,30.8,68.2,1,A,135.3
2026-07-09 21:00:00,2.205,47.71,31.25,69.0,1,A,134.3
2026-07-09 22:00:00,2.309,48.0,30.3,68.9,1,A,133.3
2026-07-09 23:00:00,2.298,48.64,30.42,67.2,1,A,132.3
2026-07-10 00:00:00,2.332,47.55,30.86,71.2,1,A,131.3
2026-07-10 01:00:00,2.233,48.43,31.9,75.4,1,A,130.3
2026-07-10 02:00:00,0.392,33.04,3.19,76.7,0,A,129.3
2026-07-10 03:00:00,0.349,32.66,2.63,73.6,0,A,128.3
2026-07-10 04:00:00,2.259,49.03,31.76,77.2,1,A,127.3
2026-07-10 05:00:00,2.279,48.62,33.16,79.8,1,A,126.3
2026-07-10 06:00:00,2.44,48.81,32.72,81.1,1,A,125.3
2026-07-10 07:00:00,2.331,48.83,32.24,79.3,1,A,124.3
2026-07-10 08:00:00,2.328,49.99,33.39,79.1,1,A,123.3
2026-07-10 09:00:00,2.248,47.74,31.83,76.0,1,A,122.3
2026-07-10 10:00:00,2.376,48.17,31.93,76.6,1,A,121.3
2026-07-10 11:00:00,2.184,47.45,30.75,69.8,1,A,120.3
2026-07-10 12:00:00,2.195,47.14,30.46,70.2,1,A,119.3
2026-07-10 13:00:00,2.147,47.79,32.49,74.2,1,A,118.3
2026-07-10 14:00:00,2.152,48.12,31.82,73.8,1,A,117.3
2026-07-10 15:00:00,2.119,47.86,31.28,69.8,1,A,116.3
2026-07-10 16:00:00,2.121,47.61,29.72,65.9,1,A,115.3
2026-07-10 17:00:00,2.104,47.62,29.66,63.8,1,A,114.3
2026-07-10 18:00:00,2.22,47.67,30.23,64.9,1,A,113.3
2026-07-10 19:00:00,2.133,47.19,30.11,64.4,1,A,112.3
2026-07-10 20:00:00,2.306,48.38,30.23,64.9,1,A,111.3
2026-07-10 21:00:00,2.049,48.18,30.17,64.8,1,A,110.3
2026-07-10 22:00:00,2.048,48.38,30.99,69.0,1,A,109.3
2026-07-10 23:00:00,2.135,47.95,30.61,67.7,1,A,108.3
2026-07-11 00:00:00,2.209,47.99,31.32,71.4,1,A,107.3
2026-07-11 01:00:00,2.079,48.44,32.33,77.0,1,A,106.3
2026-07-11 02:00:00,2.249,47.65,32.32,76.6,1,A,105.3
2026-07-11 03:00:00,2.211,49.32,32.87,81.1,1,A,104.3
2026-07-11 04:00:00,2.221,48.54,33.11,78.8,1,A,103.3
2026-07-11 05:00:00,2.469,49.46,33.14,80.9,1,A,102.3
2026-07-11 06:00:00,2.397,49.49,33.31,83.5,1,A,101.3
2026-07-11 07:00:00,2.263,49.28,32.3,79.9,1,A,100.3
2026-07-11 08:00:00,2.311,49.43,33.19,80.5,1,A,99.3
2026-07-11 09:00:00,2.394,48.12,33.01,81.3,1,A,98.3
2026-07-11 10:00:00,2.202,49.05,31.91,73.7,1,A,97.3
2026-07-11 11:00:00,2.151,48.23,30.99,72.7,1,A,96.3
2026-07-11 12:00:00,2.39,48.95,31.57,70.7,1,A,95.3
2026-07-11 13:00:00,2.336,48.01,30.55,65.3,1,A,94.3
2026-07-11 14:00:00,2.228,48.18,31.69,71.2,1,A,93.3
2026-07-11 15:00:00,2.424,48.04,30.35,63.2,1,A,92.3
2026-07-11 16:00:00,2.391,48.48,30.25,63.9,1,A,91.3
2026-07-11 17:00:00,2.368,47.61,30.26,64.7,1,A,90.3
2026-07-11 18:00:00,2.374,48.48,29.72,63.7,1,A,89.3
2026-07-11 19:00:00,2.477,47.66,29.88,64.0,1,A,88.3
2026-07-11 20:00:00,2.454,48.18,31.01,65.5,1,A,87.3
2026-07-11 21:00:00,2.495,48.69,31.89,68.1,1,A,86.3
2026-07-11 22:00:00,2.272,49.21,30.7,67.6,1,A,85.3
2026-07-11 23:00:00,2.578,47.83,30.86,70.1,1,A,84.3
2026-07-12 00:00:00,2.404,48.78,31.33,68.8,1,A,83.3
2026-07-12 01:00:00,2.435,47.89,32.21,74.6,1,A,82.3
2026-07-12 02:00:00,2.6,49.46,32.33,75.1,1,A,81.3
2026-07-12 03:00:00,2.642,49.73,32.74,79.2,1,A,80.3
2026-07-12 04:00:00,2.642,49.86,32.77,78.6,1,A,79.3
2026-07-12 05:00:00,2.642,49.59,33.67,80.8,1,A,78.3
2026-07-12 06:00:00,2.513,48.56,31.56,76.0,1,A,77.3
2026-07-12 07:00:00,2.715,49.37,33.0,78.4,1,A,76.3
2026-07-12 08:00:00,2.805,49.73,33.97,81.1,1,A,75.3
2026-07-12 09:00:00,2.603,49.23,32.26,77.8,1,A,74.3
2026-07-12 10:00:00,2.608,49.67,32.9,74.2,1,A,73.3
2026-07-12 11:00:00,2.644,48.54,31.89,71.3,1,A,72.3
2026-07-12 12:00:00,2.481,49.59,31.54,71.7,1,A,71.3
2026-07-12 13:00:00,2.518,48.59,31.45,68.9,1,A,70.3
2026-07-12 14:00:00,2.626,49.03,31.6,67.6,1,A,69.3
2026-07-12 15:00:00,2.468,49.25,30.59,65.7,1,A,68.3
2026-07-12 16:00:00,2.647,48.81,31.17,67.3,1,A,67.3
2026-07-12 17:00:00,2.803,49.01,31.27,68.2,1,A,66.3
2026-07-12 18:00:00,2.556,49.01,30.84,66.2,1,A,65.3
2026-07-12 19:00:00,2.552,47.98,29.8,64.9,1,A,64.3
2026-07-12 20:00:00,2.568,48.49,31.05,62.8,1,A,63.3
2026-07-12 21:00:00,2.606,49.29,31.15,68.6,1,A,62.3
2026-07-12 22:00:00,2.695,49.37,30.99,67.4,1,A,61.3
2026-07-12 23:00:00,2.655,49.46,33.01,72.1,1,A,60.3
2026-07-13 00:00:00,2.876,49.56,32.28,72.4,1,A,59.3
2026-07-13 01:00:00,2.776,49.27,32.5,74.0,1,A,58.3
2026-07-13 02:00:00,0.37,33.43,3.11,74.3,0,A,57.3
2026-07-13 03:00:00,0.364,32.88,3.28,77.1,0,A,56.3
2026-07-13 04:00:00,2.81,48.86,32.0,75.3,1,A,55.3
2026-07-13 05:00:00,3.005,50.09,33.3,82.5,1,A,54.3
2026-07-13 06:00:00,2.8,51.02,32.58,74.1,1,A,53.3
2026-07-13 07:00:00,2.945,49.42,33.12,78.6,1,A,52.3
2026-07-13 08:00:00,2.918,50.67,33.48,79.1,1,A,51.3
2026-07-13 09:00:00,2.879,50.74,33.98,79.0,1,A,50.3
2026-07-13 10:00:00,2.814,50.59,32.37,74.1,1,A,49.3
2026-07-13 11:00:00,2.894,50.9,33.02,76.9,1,A,48.3
2026-07-13 12:00:00,3.012,49.67,31.82,72.5,1,A,47.3
2026-07-13 13:00:00,2.892,48.82,31.83,69.0,1,A,46.3
2026-07-13 14:00:00,2.933,48.26,30.89,66.9,1,A,45.3
2026-07-13 15:00:00,2.738,49.3,30.44,63.0,1,A,44.3
2026-07-13 16:00:00,2.821,49.43,30.4,64.6,1,A,43.3
2026-07-13 17:00:00,2.91,49.64,31.24,65.7,1,A,42.3
2026-07-13 18:00:00,3.017,49.34,30.71,64.6,1,A,41.3
2026-07-13 19:00:00,2.76,48.65,30.16,62.8,1,A,40.3
2026-07-13 20:00:00,2.906,49.49,30.61,64.9,1,A,39.3
2026-07-13 21:00:00,2.988,49.67,31.25,68.1,1,A,38.3
2026-07-13 22:00:00,2.965,49.13,31.66,69.1,1,A,37.3
2026-07-13 23:00:00,2.905,50.09,31.36,70.5,1,A,36.3
2026-07-14 00:00:00,3.138,50.23,32.86,74.7,1,A,35.3
2026-07-14 01:00:00,2.891,49.81,31.32,69.3,1,A,34.3
2026-07-14 02:00:00,3.252,50.05,32.9,77.4,1,A,33.3
2026-07-14 03:00:00,3.24,50.11,33.47,78.1,1,A,32.3
2026-07-14 04:00:00,3.042,50.46,34.01,82.6,1,A,31.3
2026-07-14 05:00:00,3.203,50.94,32.78,78.7,1,A,30.3
2026-07-14 06:00:00,3.131,51.67,33.68,81.0,1,A,29.3
2026-07-14 07:00:00,3.2,51.24,33.65,78.5,1,A,28.3
2026-07-14 08:00:00,3.175,50.13,33.06,75.6,1,A,27.3
2026-07-14 09:00:00,3.169,50.22,32.33,74.8,1,A,26.3
2026-07-14 10:00:00,3.195,50.55,33.9,77.4,1,A,25.3
2026-07-14 11:00:00,3.137,50.68,32.32,73.2,1,A,24.3
2026-07-14 12:00:00,3.232,50.64,33.13,72.9,1,A,23.3
2026-07-14 13:00:00,3.078,51.41,32.77,67.8,1,A,22.3
2026-07-14 14:00:00,3.167,50.56,31.6,67.2,1,A,21.3
2026-07-14 15:00:00,3.276,51.08,31.79,66.0,1,A,20.3
2026-07-14 16:00:00,3.433,51.67,31.03,62.1,1,A,19.3
2026-07-14 17:00:00,3.442,51.24,30.63,63.6,1,A,18.3
2026-07-14 18:00:00,3.49,52.08,31.47,64.3,1,A,17.3
2026-07-14 19:00:00,3.53,51.88,32.34,67.6,1,A,16.3
2026-07-14 20:00:00,3.64,52.02,31.39,63.3,1,A,15.3
2026-07-14 21:00:00,3.678,51.1,31.4,63.0,1,A,14.3
2026-07-14 22:00:00,3.66,51.3,32.69,67.8,1,A,13.3
2026-07-14 23:00:00,3.662,52.75,32.88,68.9,1,A,12.3
2026-07-15 00:00:00,3.84,53.07,33.3,70.6,1,A,11.3
2026-07-15 01:00:00,4.137,53.68,34.66,78.8,1,A,10.3
2026-07-15 02:00:00,4.197,54.18,34.39,77.6,1,A,9.3
2026-07-15 03:00:00,4.157,54.05,35.13,76.8,1,A,8.3
2026-07-15 04:00:00,4.234,54.08,34.73,78.0,1,A,7.3
2026-07-15 05:00:00,4.19,53.96,35.25,81.6,1,A,6.3
2026-07-15 06:00:00,4.276,53.58,34.44,75.4,1,A,5.3
2026-07-15 07:00:00,4.471,54.22,35.77,82.0,1,A,4.3
2026-07-15 08:00:00,4.46,54.37,35.93,81.0,1,A,3.3
2026-07-15 09:00:00,4.602,54.68,35.38,77.2,1,A,2.3
2026-07-15 10:00:00,4.568,54.49,34.11,73.9,1,A,1.3
2026-07-15 11:00:00,4.647,54.34,33.73,70.9,1,A,0.3
2026-07-15 12:00:00,1.957,47.23,30.92,71.8,1,A,
2026-07-15 13:00:00,2.022,46.84,30.7,71.5,1,A,
2026-07-15 14:00:00,1.869,45.49,30.59,68.6,1,A,
2026-07-15 15:00:00,2.05,47.12,30.45,68.7,1,A,
2026-07-15 16:00:00,1.861,46.87,30.1,64.3,1,A,
2026-07-15 17:00:00,1.99,46.72,30.1,66.5,1,A,
2026-07-15 18:00:00,1.952,45.92,29.24,65.5,1,A,
2026-07-15 19:00:00,2.066,46.32,30.15,67.6,1,A,
2026-07-15 20:00:00,1.911,45.9,29.85,62.9,1,A,
2026-07-15 21:00:00,1.963,45.92,30.11,68.1,1,A,
2026-07-15 22:00:00,1.833,46.17,30.22,66.5,1,A,
2026-07-15 23:00:00,1.949,46.8,31.0,72.0,1,A,
2026-07-16 00:00:00,2.033,46.95,31.25,74.6,1,A,
2026-07-16 01:00:00,2.057,46.57,31.11,72.9,1,A,
2026-07-16 02:00:00,1.997,46.18,31.03,76.5,1,A,
2026-07-16 03:00:00,1.905,47.28,32.44,77.7,1,A,
2026-07-16 04:00:00,2.057,47.6,32.34,76.7,1,A,
2026-07-16 05:00:00,2.102,47.28,32.26,79.1,1,A,
2026-07-16 06:00:00,2.171,47.61,33.76,86.4,1,A,
2026-07-16 07:00:00,2.147,46.51,32.5,79.8,1,A,
2026-07-16 08:00:00,2.035,47.39,31.28,77.0,1,A,
2026-07-16 09:00:00,2.012,47.34,31.75,76.8,1,A,
2026-07-16 10:00:00,2.019,46.67,30.98,72.2,1,A,
2026-07-16 11:00:00,2.092,47.48,31.42,76.0,1,A,
2026-07-16 12:00:00,1.935,46.28,29.85,67.0,1,A,
2026-07-16 13:00:00,1.917,46.82,30.9,72.0,1,A,
2026-07-16 14:00:00,1.957,45.81,30.11,67.7,1,A,
2026-07-16 15:00:00,1.887,46.43,29.86,64.2,1,A,
2026-07-16 16:00:00,1.953,45.99,30.17,67.9,1,A,
2026-07-16 17:00:00,1.947,45.86,29.29,63.1,1,A,
2026-07-16 18:00:00,1.95,46.26,29.02,64.0,1,A,
2026-07-16 19:00:00,1.991,46.22,29.86,64.1,1,A,
2026-07-16 20:00:00,1.975,44.69,29.11,65.7,1,A,
2026-07-16 21:00:00,2.063,46.09,30.79,67.2,1,A,
2026-07-16 22:00:00,1.906,46.3,30.13,68.0,1,A,
2026-07-16 23:00:00,1.969,46.16,29.96,67.2,1,A,
